{"cameraMode":{"drawMode":0,"name":"Shaded","section":"Shading Mode"},"sceneLighting":false,"audioPlay":false,"sceneViewState":{"showFog":true,"showMaterialUpdate":false,"showSkybox":true,"showFlares":true,"showImageEffects":true,"showParticleSystems":true},"in2DMode":false,"pivot":{"x":593.346435546875,"y":491.4656982421875,"z":-5.98333740234375},"rotation":{"x":0.0018896915717050434,"y":0.995833694934845,"z":-0.021224087104201318,"w":0.08866424858570099},"size":895.7131958007813,"orthographic":false}