{"cameraMode":{"drawMode":0,"name":"Shaded","section":"Shading Mode"},"sceneLighting":false,"audioPlay":false,"sceneViewState":{"showFog":true,"showMaterialUpdate":false,"showSkybox":true,"showFlares":true,"showImageEffects":true,"showParticleSystems":true},"in2DMode":false,"pivot":{"x":519.8953247070313,"y":359.22039794921877,"z":-1.30267333984375},"rotation":{"x":-0.060268037021160129,"y":-0.012878543697297573,"z":0.0007775998092256486,"w":-0.9980989098548889},"size":971.8723754882813,"orthographic":false}