{"cameraMode":{"drawMode":0,"name":"Shaded","section":"Shading Mode"},"sceneLighting":false,"audioPlay":false,"sceneViewState":{"showFog":true,"showMaterialUpdate":false,"showSkybox":true,"showFlares":true,"showImageEffects":true,"showParticleSystems":true},"in2DMode":false,"pivot":{"x":581.7462158203125,"y":176.56951904296876,"z":-233.8394775390625},"rotation":{"x":-0.0900372788310051,"y":0.05733073502779007,"z":-0.005191905423998833,"w":-0.9942734241485596},"size":424.87548828125,"orthographic":false}