{"cameraMode":{"drawMode":0,"name":"Shaded","section":"Shading Mode"},"sceneLighting":false,"audioPlay":false,"sceneViewState":{"showFog":true,"showMaterialUpdate":false,"showSkybox":true,"showFlares":true,"showImageEffects":true,"showParticleSystems":true},"in2DMode":false,"pivot":{"x":12.13983154296875,"y":-27.380325317382814,"z":-69.5389404296875},"rotation":{"x":-0.08750145137310028,"y":0.16271820664405824,"z":-0.014489028602838517,"w":-0.9826781749725342},"size":265.9565124511719,"orthographic":false}