{"cameraMode":{"drawMode":0,"name":"Shaded","section":"Shading Mode"},"sceneLighting":false,"audioPlay":false,"sceneViewState":{"showFog":true,"showMaterialUpdate":false,"showSkybox":true,"showFlares":true,"showImageEffects":true,"showParticleSystems":true},"in2DMode":false,"pivot":{"x":6.3770751953125,"y":-539.9768676757813,"z":-9.00620174407959},"rotation":{"x":0.0018896915717050434,"y":0.995833694934845,"z":-0.021224087104201318,"w":0.08866424858570099},"size":2.8578929901123049,"orthographic":false}